{
	"frames": {
		"drop1.png": {
			"frame": {
				"h": 412,
				"w": 229,
				"x": 471,
				"y": 0
			},
			"rotated": "true",
			"sourceSize": {
				"h": 2700,
				"w": 2700
			},
			"spriteSourceSize": {
				"h": 412,
				"w": 229,
				"x": 815,
				"y": 144
			},
			"trimmed": "true"
		},
		"drop10.png": {
			"frame": {
				"h": 316,
				"w": 273,
				"x": 326,
				"y": 875
			},
			"rotated": "true",
			"sourceSize": {
				"h": 2700,
				"w": 2700
			},
			"spriteSourceSize": {
				"h": 316,
				"w": 273,
				"x": 501,
				"y": 1952
			},
			"trimmed": "true"
		},
		"drop11.png": {
			"frame": {
				"h": 272,
				"w": 334,
				"x": 690,
				"y": 788
			},
			"rotated": "false",
			"sourceSize": {
				"h": 2700,
				"w": 2700
			},
			"spriteSourceSize": {
				"h": 272,
				"w": 334,
				"x": 219,
				"y": 1628
			},
			"trimmed": "true"
		},
		"drop12.png": {
			"frame": {
				"h": 228,
				"w": 405,
				"x": 471,
				"y": 229
			},
			"rotated": "false",
			"sourceSize": {
				"h": 2700,
				"w": 2700
			},
			"spriteSourceSize": {
				"h": 228,
				"w": 405,
				"x": 77,
				"y": 1203
			},
			"trimmed": "true"
		},
		"drop2.png": {
			"frame": {
				"h": 407,
				"w": 250,
				"x": 883,
				"y": 0
			},
			"rotated": "false",
			"sourceSize": {
				"h": 2700,
				"w": 2700
			},
			"spriteSourceSize": {
				"h": 407,
				"w": 250,
				"x": 1456,
				"y": 107
			},
			"trimmed": "true"
		},
		"drop3.png": {
			"frame": {
				"h": 300,
				"w": 471,
				"x": 0,
				"y": 0
			},
			"rotated": "false",
			"sourceSize": {
				"h": 2700,
				"w": 2700
			},
			"spriteSourceSize": {
				"h": 300,
				"w": 471,
				"x": 1931,
				"y": 453
			},
			"trimmed": "true"
		},
		"drop4.png": {
			"frame": {
				"h": 207,
				"w": 340,
				"x": 350,
				"y": 668
			},
			"rotated": "false",
			"sourceSize": {
				"h": 2700,
				"w": 2700
			},
			"spriteSourceSize": {
				"h": 207,
				"w": 340,
				"x": 2185,
				"y": 1052
			},
			"trimmed": "true"
		},
		"drop5.png": {
			"frame": {
				"h": 211,
				"w": 363,
				"x": 373,
				"y": 457
			},
			"rotated": "false",
			"sourceSize": {
				"h": 2700,
				"w": 2700
			},
			"spriteSourceSize": {
				"h": 211,
				"w": 363,
				"x": 2096,
				"y": 1644
			},
			"trimmed": "true"
		},
		"drop6.png": {
			"frame": {
				"h": 331,
				"w": 358,
				"x": 736,
				"y": 457
			},
			"rotated": "false",
			"sourceSize": {
				"h": 2700,
				"w": 2700
			},
			"spriteSourceSize": {
				"h": 331,
				"w": 358,
				"x": 333,
				"y": 509
			},
			"trimmed": "true"
		},
		"drop7.png": {
			"frame": {
				"h": 316,
				"w": 373,
				"x": 0,
				"y": 300
			},
			"rotated": "false",
			"sourceSize": {
				"h": 2700,
				"w": 2700
			},
			"spriteSourceSize": {
				"h": 316,
				"w": 373,
				"x": 1826,
				"y": 2054
			},
			"trimmed": "true"
		},
		"drop8.png": {
			"frame": {
				"h": 326,
				"w": 185,
				"x": 0,
				"y": 850
			},
			"rotated": "true",
			"sourceSize": {
				"h": 2700,
				"w": 2700
			},
			"spriteSourceSize": {
				"h": 326,
				"w": 185,
				"x": 1519,
				"y": 2172
			},
			"trimmed": "true"
		},
		"drop9.png": {
			"frame": {
				"h": 350,
				"w": 234,
				"x": 0,
				"y": 616
			},
			"rotated": "true",
			"sourceSize": {
				"h": 2700,
				"w": 2700
			},
			"spriteSourceSize": {
				"h": 350,
				"w": 234,
				"x": 947,
				"y": 2161
			},
			"trimmed": "true"
		}
	},
	"meta": {
		"app": "Spriter",
		"format": "RGBA8888",
		"image": "bubble-pop-spritesheet.png",
		"scale": 1,
		"size": {
			"h": 1148,
			"w": 1148
		},
		"version": "r11"
	}
}